{
  "urls": [
    "assets/sound/sounds.ogg",
    "assets/sound/sounds.mp3"
  ],
  "sprite": {
    "bootup": [
      0,
      2211.2244897959185
    ],
    "bot_crush": [
      4000,
      307.732426303855
    ],
    "cant_move": [
      6000,
      272.04081632653043
    ],
    "crate_crash": [
      8000,
      1009.6598639455792
    ],
    "crate_fall": [
      11000,
      847.4603174603175
    ],
    "crate_soft_landing": [
      13000,
      115.01133786848072
    ],
    "decoy_die": [
      15000,
      475.5782312925163
    ],
    "decoy_hello": [
      17000,
      679.6145124716553
    ],
    "dig": [
      19000,
      115.01133786848072
    ],
    "door_open": [
      21000,
      1478.0952380952392
    ],
    "explode_1": [
      24000,
      582.2902494331074
    ],
    "explode_2": [
      26000,
      1125.0566893424043
    ],
    "get_datachip": [
      29000,
      483.26530612244767
    ],
    "get_energy": [
      31000,
      319.95464852607824
    ],
    "new_level": [
      33000,
      1686.2811791383194
    ],
    "player_die": [
      36000,
      1649.1383219954655
    ],
    "skull_anger": [
      39000,
      750.8163265306109
    ],
    "skull_calm": [
      41000,
      486.2811791383237
    ],
    "skull_hello": [
      43000,
      1200.2947845804997
    ],
    "spook_anger": [
      46000,
      1129.841269841272
    ],
    "spook_calm": [
      49000,
      1135.328798185938
    ]
  }
}